Workbook

Sheet raw data
A1: Student_ID | B1: Maths | C1: English | D1: Computer Sci | E1: Commerce | F1: Position | H1: INDEX
A2: 22000 | B2: 78 | C2: 87 | D2: 98 | E2: 100 | F2: =AVERAGE(B2:E2) -> 90.75
A3: 22001 | B3: 79 | C3: 71 | D3: 68 | E3: 60 | F3: =AVERAGE(B3:E3) -> 69.5
A4: 22002 | B4: 66 | C4: 65 | D4: 86 | E4: 82 | F4: =AVERAGE(B4:E4) -> 74.75
A5: 22003 | B5: 60 | C5: 58 | D5: 57 | E5: 63 | F5: =AVERAGE(B5:E5) -> 59.5
A6: 22004 | B6: 99 | C6: 95 | D6: 89 | E6: 98 | F6: =AVERAGE(B6:E6) -> 95.25
A7: 22005 | B7: 41 | C7: 36 | D7: 36 | E7: 22 | F7: =AVERAGE(B7:E7) -> 33.75
A8: 22006 | B8: 47 | C8: 50 | D8: 64 | E8: 87 | F8: =AVERAGE(B8:E8) -> 62
A9: 22007 | B9: 84 | C9: 74 | D9: 59 | E9: 70 | F9: =AVERAGE(B9:E9) -> 71.75
A10: 22008 | B10: 74 | C10: 64 | D10: 51 | E10: 43 | F10: =AVERAGE(B10:E10) -> 58
A11: 22009 | B11: 87 | C11: 81 | D11: 63 | E11: 43 | F11: =AVERAGE(B11:E11) -> 68.5
A12: 22010 | B12: 40 | C12: 34 | D12: 35 | E12: 48 | F12: =AVERAGE(B12:E12) -> 39.25
A13: 22011 | B13: 91 | C13: 84 | D13: 80 | E13: 71 | F13: =AVERAGE(B13:E13) -> 81.5
... A57: 22055 | B57: 60 | C57: 66 | D57: 47 | E57: 44 | F57: =AVERAGE(B57:E57) -> 54.25
B59: =AVERAGE(B2:B57) -> 70.75 | C59: =AVERAGE(C2:C57) -> 69.196429 | D59: =AVERAGE(D2:D57) -> 66 | E59: =AVERAGE(E2:E57) -> 64.25

Sheet students analysis
A1: Student_ID | B1: Students Avg | C1: Grade | D1: Position | E1: Total Students | F1: % of Students with total average ≥ 50 | G1: % of Students with total average < 50
A2: 22000 | B2: =AVERAGE('raw data'!B2:E2) -> 90.75 | C2: =IF(B2>=70,"A",IF(AND(B2>=60,B2<=69),"B",IF(AND(B2>=50,B2<=59),"C",IF(AND(B2>=40,B2<=50),"D",IF(B2<40,"F"))))) -> A | D2: =RANK(B2, $B$2:$B$57) -> 8 | E2: =COUNT(B2:B57) -> 56 | F2: =COUNTIF(B2:B57, ">50")/COUNT(B2:B57) -> 0.80357143 | G2: =COUNTIF(B2:B57, "<50")/COUNT(B2:B57) -> 0.19642857
A3: 22001 | B3: =AVERAGE('raw data'!B3:E3) -> 69.5 | C3: =IF(B3>=70,"A",IF(AND(B3>=60,B3<=69),"B",IF(AND(B3>=50,B3<=59),"C",IF(AND(B3>=40,B3<=50),"D",IF(B3<40,"F"))))) -> FALSE | D3: =RANK(B3, $B$2:$B$57) -> 26
A4: 22002 | B4: =AVERAGE('raw data'!B4:E4) -> 74.75 | C4: =IF(B4>=70,"A",IF(AND(B4>=60,B4<=69),"B",IF(AND(B4>=50,B4<=59),"C",IF(AND(B4>=40,B4<=50),"D",IF(B4<40,"F"))))) -> A | D4: =RANK(B4, $B$2:$B$57) -> 20 | F4: Total Students' that scored above average | G4: Total Students' that score below average
A5: 22003 | B5: =AVERAGE('raw data'!B5:E5) -> 59.5 | C5: =IF(B5>=70,"A",IF(AND(B5>=60,B5<=69),"B",IF(AND(B5>=50,B5<=59),"C",IF(AND(B5>=40,B5<=50),"D",IF(B5<40,"F"))))) -> FALSE | D5: =RANK(B5, $B$2:$B$57) -> 37 | F5: =COUNTIF(B2:B57, ">=50") -> 45 | G5: =COUNTIF(B2:B57, "<50") -> 11
A6: 22004 | B6: =AVERAGE('raw data'!B6:E6) -> 95.25 | C6: =IF(B6>=70,"A",IF(AND(B6>=60,B6<=69),"B",IF(AND(B6>=50,B6<=59),"C",IF(AND(B6>=40,B6<=50),"D",IF(B6<40,"F"))))) -> A | D6: =RANK(B6, $B$2:$B$57) -> 3
A7: 22005 | B7: =AVERAGE('raw data'!B7:E7) -> 33.75 | C7: =IF(B7>=70,"A",IF(AND(B7>=60,B7<=69),"B",IF(AND(B7>=50,B7<=59),"C",IF(AND(B7>=40,B7<=50),"D",IF(B7<40,"F"))))) -> F | D7: =RANK(B7, $B$2:$B$57) -> 56
A8: 22006 | B8: =AVERAGE('raw data'!B8:E8) -> 62 | C8: =IF(B8>=70,"A",IF(AND(B8>=60,B8<=69),"B",IF(AND(B8>=50,B8<=59),"C",IF(AND(B8>=40,B8<=50),"D",IF(B8<40,"F"))))) -> B | D8: =RANK(B8, $B$2:$B$57) -> 33
A9: 22007 | B9: =AVERAGE('raw data'!B9:E9) -> 71.75 | C9: =IF(B9>=70,"A",IF(AND(B9>=60,B9<=69),"B",IF(AND(B9>=50,B9<=59),"C",IF(AND(B9>=40,B9<=50),"D",IF(B9<40,"F"))))) -> A | D9: =RANK(B9, $B$2:$B$57) -> 25
A10: 22008 | B10: =AVERAGE('raw data'!B10:E10) -> 58 | C10: =IF(B10>=70,"A",IF(AND(B10>=60,B10<=69),"B",IF(AND(B10>=50,B10<=59),"C",IF(AND(B10>=40,B10<=50),"D",IF(B10<40,"F"))))) -> C | D10: =RANK(B10, $B$2:$B$57) -> 41
A11: 22009 | B11: =AVERAGE('raw data'!B11:E11) -> 68.5 | C11: =IF(B11>=70,"A",IF(AND(B11>=60,B11<=69),"B",IF(AND(B11>=50,B11<=59.5),"C",IF(AND(B11>=40,B11<=50),"D",IF(B11<40,"F"))))) -> B | D11: =RANK(B11, $B$2:$B$57) -> 27
A12: 22010 | B12: =AVERAGE('raw data'!B12:E12) -> 39.25 | C12: =IF(B12>=70,"A",IF(AND(B12>=60,B12<=69),"B",IF(AND(B12>=50,B12<=59),"C",IF(AND(B12>=40,B12<=50),"D",IF(B12<40,"F"))))) -> F | D12: =RANK(B12, $B$2:$B$57) -> 53
A13: 22011 | B13: =AVERAGE('raw data'!B13:E13) -> 81.5 | C13: =IF(B13>=70,"A",IF(AND(B13>=60,B13<=69),"B",IF(AND(B13>=50,B13<=59),"C",IF(AND(B13>=40,B13<=50),"D",IF(B13<40,"F"))))) -> A | D13: =RANK(B13, $B$2:$B$57) -> 17
A14: 22012 | B14: =AVERAGE('raw data'!B14:E14) -> 84.75 | C14: =IF(B14>=70,"A",IF(AND(B14>=60,B14<=69),"B",IF(AND(B14>=50,B14<=59),"C",IF(AND(B14>=40,B14<=50),"D",IF(B14<40,"F"))))) -> A | D14: =RANK(B14, $B$2:$B$57) -> 11
A15: 22013 | B15: =AVERAGE('raw data'!B15:E15) -> 38 | C15: =IF(B15>=70,"A",IF(AND(B15>=60,B15<=69),"B",IF(AND(B15>=50,B15<=59),"C",IF(AND(B15>=40,B15<=50),"D",IF(B15<40,"F"))))) -> F | D15: =RANK(B15, $B$2:$B$57) -> 55
A16: 22014 | B16: =AVERAGE('raw data'!B16:E16) -> 74.75 | C16: =IF(B16>=70,"A",IF(AND(B16>=60,B16<=69),"B",IF(AND(B16>=50,B16<=59),"C",IF(AND(B16>=40,B16<=50),"D",IF(B16<40,"F"))))) -> A | D16: =RANK(B16, $B$2:$B$57) -> 20
A17: 22015 | B17: =AVERAGE('raw data'!B17:E17) -> 73 | C17: =IF(B17>=70,"A",IF(AND(B17>=60,B17<=69),"B",IF(AND(B17>=50,B17<=59),"C",IF(AND(B17>=40,B17<=50),"D",IF(B17<40,"F"))))) -> A | D17: =RANK(B17, $B$2:$B$57) -> 24
A18: 22016 | B18: =AVERAGE('raw data'!B18:E18) -> 73.5 | C18: =IF(B18>=70,"A",IF(AND(B18>=60,B18<=69),"B",IF(AND(B18>=50,B18<=59),"C",IF(AND(B18>=40,B18<=50),"D",IF(B18<40,"F"))))) -> A | D18: =RANK(B18, $B$2:$B$57) -> 23
A19: 22017 | B19: =AVERAGE('raw data'!B19:E19) -> 43 | C19: =IF(B19>=70,"A",IF(AND(B19>=60,B19<=69),"B",IF(AND(B19>=50,B19<=59),"C",IF(AND(B19>=40,B19<=50),"D",IF(B19<40,"F"))))) -> D | D19: =RANK(B19, $B$2:$B$57) -> 51
A20: 22018 | B20: =AVERAGE('raw data'!B20:E20) -> 62.5 | C20: =IF(B20>=70,"A",IF(AND(B20>=60,B20<=69),"B",IF(AND(B20>=50,B20<=59),"C",IF(AND(B20>=40,B20<=50),"D",IF(B20<40,"F"))))) -> B | D20: =RANK(B20, $B$2:$B$57) -> 32
A21: 22019 | B21: =AVERAGE('raw data'!B21:E21) -> 59.25 | C21: =IF(B21>=70,"A",IF(AND(B21>=60,B21<=69),"B",IF(AND(B21>=50,B21<=59),"C",IF(AND(B21>=40,B21<=50),"D",IF(B21<40,"F"))))) -> FALSE | D21: =RANK(B21, $B$2:$B$57) -> 38
A22: 22020 | B22: =AVERAGE('raw data'!B22:E22) -> 40.25 | C22: =IF(B22>=70,"A",IF(AND(B22>=60,B22<=69),"B",IF(AND(B22>=50,B22<=59),"C",IF(AND(B22>=40,B22<=50),"D",IF(B22<40,"F"))))) -> D | D22: =RANK(B22, $B$2:$B$57) -> 52
A23: 22021 | B23: =AVERAGE('raw data'!B23:E23) -> 45 | C23: =IF(B23>=70,"A",IF(AND(B23>=60,B23<=69),"B",IF(AND(B23>=50,B23<=59),"C",IF(AND(B23>=40,B23<=50),"D",IF(B23<40,"F"))))) -> D | D23: =RANK(B23, $B$2:$B$57) -> 48
... A57: 22055 | B57: =AVERAGE('raw data'!B57:E57) -> 54.25 | C57: =IF(B57>=70,"A",IF(AND(B57>=60,B57<=69),"B",IF(AND(B57>=50,B57<=59),"C",IF(AND(B57>=40,B57<=50),"D",IF(B57<40,"F"))))) -> C | D57: =RANK(B57, $B$2:$B$57) -> 43

Sheet subjects summary data
A1: STATISTICS | B1: Mean | C1: Median | D1: Highest Score | E1: Lowest Score | F1: Q1 (Quartile) | G1: Q3(Quartile)
A2: Maths | B2: =AVERAGE('raw data'!B2:B57) -> 70.75 | C2: =MEDIAN('raw data'!B2:B57) -> 70.5 | D2: =MAX('raw data'!B2:B57) -> 100 | E2: =MIN('raw data'!B2:B57) -> 40 | F2: =_xlfn.QUARTILE.INC('raw data'!B2:B57,1) -> 57.75 | G2: =_xlfn.QUARTILE.INC('raw data'!B2:B57,3) -> 84
A3: English | B3: =AVERAGE('raw data'!C2:C57) -> 69.196429 | C3: =MEDIAN('raw data'!C2:C57) -> 68.5 | D3: =MAX('raw data'!C2:C57) -> 100 | E3: =MIN('raw data'!C2:C57) -> 34 | F3: =_xlfn.QUARTILE.INC('raw data'!C2:C57,1) -> 55.75 | G3: =_xlfn.QUARTILE.INC('raw data'!C2:C57,3) -> 83.25
A4: Economics | B4: =AVERAGE('raw data'!#REF!) -> #REF! | C4: =MEDIAN('raw data'!#REF!) -> #REF! | D4: =MAX('raw data'!#REF!) -> #REF! | E4: =MIN('raw data'!#REF!) -> #REF! | F4: =_xlfn.QUARTILE.INC('raw data'!#REF!,1) -> #REF! | G4: =_xlfn.QUARTILE.INC('raw data'!#REF!,3) -> #REF!
A5: Government | B5: =AVERAGE('raw data'!#REF!) -> #REF! | C5: =MEDIAN('raw data'!#REF!) -> #REF! | D5: =MAX('raw data'!#REF!) -> #REF! | E5: =MIN('raw data'!#REF!) -> #REF! | F5: =_xlfn.QUARTILE.INC('raw data'!#REF!,1) -> #REF! | G5: =_xlfn.QUARTILE.INC('raw data'!#REF!,3) -> #REF!
A6: Literature in Eng | B6: =AVERAGE('raw data'!#REF!) -> #REF! | C6: =MEDIAN('raw data'!#REF!) -> #REF! | D6: =MAX('raw data'!#REF!) -> #REF! | E6: =MIN('raw data'!#REF!) -> #REF! | F6: =_xlfn.QUARTILE.INC('raw data'!#REF!,1) -> #REF! | G6: =_xlfn.QUARTILE.INC('raw data'!#REF!,3) -> #REF!
A7: Computer Sci | B7: =AVERAGE('raw data'!D2:D57) -> 66 | C7: =MEDIAN('raw data'!D2:D57) -> 65.5 | D7: =MAX('raw data'!D2:D57) -> 100 | E7: =MIN('raw data'!D2:D57) -> 29 | F7: =_xlfn.QUARTILE.INC('raw data'!D2:D57,1) -> 50.25 | G7: =_xlfn.QUARTILE.INC('raw data'!D2:D57,3) -> 83.75
A8: Geography | B8: =AVERAGE('raw data'!#REF!) -> #REF! | C8: =MEDIAN('raw data'!#REF!) -> #REF! | D8: =MAX('raw data'!#REF!) -> #REF! | E8: =MIN('raw data'!#REF!) -> #REF! | F8: =_xlfn.QUARTILE.INC('raw data'!#REF!,1) -> #REF! | G8: =_xlfn.QUARTILE.INC('raw data'!#REF!,3) -> #REF!
A9: CRS | B9: =AVERAGE('raw data'!#REF!) -> #REF! | C9: =MEDIAN('raw data'!#REF!) -> #REF! | D9: =MAX('raw data'!#REF!) -> #REF! | E9: =MIN('raw data'!#REF!) -> #REF! | F9: =_xlfn.QUARTILE.INC('raw data'!#REF!,1) -> #REF! | G9: =_xlfn.QUARTILE.INC('raw data'!#REF!,3) -> #REF!
A10: Agric Sci | B10: =AVERAGE('raw data'!#REF!) -> #REF! | C10: =MEDIAN('raw data'!#REF!) -> #REF! | D10: =MAX('raw data'!#REF!) -> #REF! | E10: =MIN('raw data'!#REF!) -> #REF! | F10: =_xlfn.QUARTILE.INC('raw data'!#REF!,1) -> #REF! | G10: =_xlfn.QUARTILE.INC('raw data'!#REF!,3) -> #REF!
A11: Commerce | B11: =AVERAGE('raw data'!E2:E58) -> 64.25 | C11: =MEDIAN('raw data'!E2:E57) -> 65.5 | D11: =MAX('raw data'!E2:E57) -> 100 | E11: =MIN('raw data'!E2:E57) -> 12 | F11: =_xlfn.QUARTILE.INC('raw data'!E2:E57,1) -> 45.75 | G11: =_xlfn.QUARTILE.INC('raw data'!E2:E57,3) -> 83.25
A12: Marketing | B12: =AVERAGE('raw data'!#REF!) -> #REF! | C12: =MEDIAN('raw data'!#REF!) -> #REF! | D12: =MAX('raw data'!#REF!) -> #REF! | E12: =MIN('raw data'!#REF!) -> #REF! | F12: =_xlfn.QUARTILE.INC('raw data'!#REF!,1) -> #REF! | G12: =_xlfn.QUARTILE.INC('raw data'!#REF!,3) -> #REF!
A13: Civic Edu | B13: =AVERAGE('raw data'!#REF!) -> #REF! | C13: =MEDIAN('raw data'!#REF!) -> #REF! | D13: =MAX('raw data'!#REF!) -> #REF! | E13: =MIN('raw data'!#REF!) -> #REF! | F13: =_xlfn.QUARTILE.INC('raw data'!#REF!,1) -> #REF! | G13: =_xlfn.QUARTILE.INC('raw data'!#REF!,3) -> #REF!

Sheet students performance
A1: Student_ID | B1: Students Avg | C1: Pass Mark
A2: 22000 | B2: =AVERAGE('raw data'!B2:E2) -> 90.75 | C2: 50
A3: 22001 | B3: =AVERAGE('raw data'!B3:E3) -> 69.5 | C3: 50
A4: 22002 | B4: =AVERAGE('raw data'!B4:E4) -> 74.75 | C4: 50
A5: 22003 | B5: =AVERAGE('raw data'!B5:E5) -> 59.5 | C5: 50
A6: 22004 | B6: =AVERAGE('raw data'!B6:E6) -> 95.25 | C6: 50
A7: 22005 | B7: =AVERAGE('raw data'!B7:E7) -> 33.75 | C7: 50
A8: 22006 | B8: =AVERAGE('raw data'!B8:E8) -> 62 | C8: 50
A9: 22007 | B9: =AVERAGE('raw data'!B9:E9) -> 71.75 | C9: 50
A10: 22008 | B10: =AVERAGE('raw data'!B10:E10) -> 58 | C10: 50
A11: 22009 | B11: =AVERAGE('raw data'!B11:E11) -> 68.5 | C11: 50
A12: 22010 | B12: =AVERAGE('raw data'!B12:E12) -> 39.25 | C12: 50
A13: 22011 | B13: =AVERAGE('raw data'!B13:E13) -> 81.5 | C13: 50
... A57: 22055 | B57: =AVERAGE('raw data'!B57:E57) -> 54.25 | C57: 50
